Card Name,Quantity,ID #,Rarity,Set,Collector #,Premium,Sideboarded,
"Patient Rebuilding",1,68295,Rare,M19,67/280,No,No
"Pelakka Wurm",1,68545,Rare,M19,192/280,No,No
"Thorn Lieutenant",1,68567,Rare,M19,203/280,No,No
"Vigilant Baloth",1,68573,Uncommon,M19,206/280,No,No
"Sift",1,68305,Uncommon,M19,72/280,No,No
"Highland Lake",1,68667,Common,M19,252/280,No,No
"Gift of Paradise",2,68529,Uncommon,M19,184/280,No,No
"Forest",6,68723,Basic Land,M19,280/280,No,No
"Dryad Greenseeker",1,68517,Uncommon,M19,178/280,No,No
"Bone to Ash",1,68255,Uncommon,M19,47/280,No,No
"Arcane Encyclopedia",1,68617,Uncommon,M19,227/280,No,No
"Manalith",2,68641,Common,M19,239/280,No,No
"Mountain",1,68715,Basic Land,M19,276/280,No,No
"Cancel",1,68257,Common,M19,48/280,No,No
"Totally Lost",1,68323,Common,M19,81/280,No,No
"Essence Scatter",2,68269,Common,M19,54/280,No,No
"Anticipate",2,68249,Common,M19,44/280,No,No
"Lich's Caress",2,68371,Common,M19,105/280,No,No
"Foul Orchard",1,68665,Common,M19,251/280,No,No
"Electrify",1,68439,Common,M19,139/280,No,No
"Shock",2,68473,Common,M19,156/280,No,No
"Gravedigger",1,68357,Uncommon,M19,98/280,No,No
"Island",7,68699,Basic Land,M19,268/280,No,No
"Cinder Barrens",1,68660,Common,M19,248/280,Yes,No
"Druid of the Cowl",1,68515,Common,M19,177/280,No,No

"Omenspeaker",1,68289,Common,M19,64/280,No,Yes
"Rabid Bite",1,68551,Common,M19,195/280,No,Yes
"Talons of Wildwood",1,68565,Common,M19,202/280,No,Yes
"Infernal Scarring",1,68367,Common,M19,103/280,No,Yes
"Druid of Horns",1,68513,Uncommon,M19,176/280,No,Yes
"Tormenting Voice",2,68489,Common,M19,164/280,No,Yes
"Mighty Leap",1,68217,Common,M19,28/280,No,Yes
"Bristling Boar",1,68501,Common,M19,170/280,No,Yes
"Giant Spider",1,68527,Common,M19,183/280,No,Yes
"Diregraf Ghoul",1,68345,Uncommon,M19,92/280,No,Yes
"Desecrated Tomb",1,68623,Rare,M19,230/280,No,Yes
"Forest",1,68719,Basic Land,M19,278/280,No,Yes
"Oreskos Swiftclaw",1,68223,Common,M19,31/280,No,Yes
"Sai, Master Thopterist",1,68299,Rare,M19,69/280,No,Yes
"Act of Treason",1,68415,Common,M19,127/280,No,Yes
"Blanchwood Armor",1,68499,Uncommon,M19,169/280,No,Yes
"Walking Corpse",2,68413,Common,M19,126/280,No,Yes
"Sparktongue Dragon",1,68479,Common,M19,159/280,No,Yes
"Revitalize",1,68231,Common,M19,35/280,No,Yes
"Swamp",1,68705,Basic Land,M19,271/280,No,Yes
"Invoke the Divine",1,68193,Common,M19,16/280,No,Yes
"Gearsmith Prodigy",1,68275,Common,M19,57/280,No,Yes
"Fell Specter",1,68353,Uncommon,M19,96/280,No,Yes
"Take Vengeance",1,68241,Common,M19,40/280,No,Yes
"Macabre Waltz",1,68377,Common,M19,108/280,No,Yes
"Tolarian Scholar",2,68321,Common,M19,80/280,No,Yes
"Aether Tunnel",1,68247,Uncommon,M19,43/280,No,Yes
"Aerial Engineer",1,68583,Uncommon,M19,211/280,No,Yes
"Wall of Mist",1,68327,Common,M19,83/280,No,Yes
"Oakenform",1,68543,Common,M19,191/280,No,Yes
"Vampire Neonate",1,68409,Common,M19,124/280,No,Yes
"Trusty Packbeast",1,68243,Common,M19,41/280,No,Yes
"Dwindle",1,68267,Common,M19,53/280,No,Yes
"Centaur Courser",1,68503,Common,M19,171/280,No,Yes
"Frilled Sea Serpent",1,68274,Common,M19,56/280,Yes,Yes
"Field Creeper",1,68631,Common,M19,234/280,No,Yes
"Make a Stand",1,68213,Uncommon,M19,26/280,No,Yes
"Forest",1,68723,Basic Land,M19,280/280,No,Yes
"Goblin Instigator",1,68445,Common,M19,142/280,No,Yes
"Swamp",1,68702,Basic Land,M19,269/280,Yes,Yes
"Boggart Brute",1,68423,Common,M19,131/280,No,Yes
"Trumpet Blast",1,68491,Common,M19,165/280,No,Yes
"Daggerback Basilisk",3,68509,Common,M19,174/280,No,Yes
"Greenwood Sentinel",1,68535,Common,M19,187/280,No,Yes
"Skeleton Archer",1,68397,Common,M19,118/280,No,Yes
"Skyscanner",1,68653,Common,M19,245/280,No,Yes
"Luminous Bonds",1,68211,Common,M19,25/280,No,Yes
"Knight of the Tusk",1,68197,Common,M19,18/280,No,Yes
"Open the Graves",1,68385,Rare,M19,112/280,No,Yes
"Thud",1,68487,Uncommon,M19,163/280,No,Yes
"Child of Night",1,68339,Common,M19,89/280,No,Yes
"Dwarven Priest",1,68183,Common,M19,11/280,No,Yes
"Titanic Growth",1,68571,Common,M19,205/280,No,Yes
"Declare Dominance",1,68511,Uncommon,M19,175/280,No,Yes
"Onakke Ogre",1,68467,Common,M19,153/280,No,Yes
"Militia Bugler",1,68219,Uncommon,M19,29/280,No,Yes
"Mountain",1,68711,Basic Land,M19,274/280,No,Yes
